{
  "energy.csv": "1435101575000",
  "bundles/pan/viz/ext/sankey/pan_viz_ext_sankey-src/js/render.js": "1435103766000",
  "bundles/pan/viz/ext/sankey/pan_viz_ext_sankey-src/js/dataMapping.js": "1435101575000",
  "bundles/pan/viz/ext/sankey/pan_viz_ext_sankey-src/js/flow.js": "1435101575000",
  "bundles/pan/viz/ext/sankey/pan_viz_ext_sankey-src/js/module.js": "1435101575000",
  "bundles/pan/viz/ext/sankey/pan_viz_ext_sankey-src/js/utils/util.js": "1435101575000",
  "bundles/pan/viz/ext/sankey/pan_viz_ext_sankey-src/resources/templates/standard/template.js": "1435101575000",
  "bundles/pan/viz/ext/sankey/pan_viz_ext_sankey-src/resources/languages/language_en.js": "1435101575000",
  "bundles/pan/viz/ext/sankey/pan_viz_ext_sankey-src/resources/languages/language_ru.js": "1435101575000",
  "bundles/pan/viz/ext/sankey/pan_viz_ext_sankey-src/resources/languages/language_zh_CN.js": "1435101575000",
  "bundles/pan/viz/ext/sankey/pan_viz_ext_sankey-src/resources/languages/language_pt.js": "1435101575000",
  "bundles/pan/viz/ext/sankey/pan_viz_ext_sankey-src/resources/languages/language_es.js": "1435101575000",
  "bundles/pan/viz/ext/sankey/pan_viz_ext_sankey-src/resources/languages/language_ja.js": "1435101575000",
  "bundles/pan/viz/ext/sankey/pan_viz_ext_sankey-src/resources/languages/language_pl.js": "1435101575000",
  "bundles/pan/viz/ext/sankey/pan_viz_ext_sankey-src/resources/languages/language_fr.js": "1435101575000",
  "bundles/pan/viz/ext/sankey/pan_viz_ext_sankey-src/resources/languages/language_de.js": "1435101575000",
  "bundles/pan/viz/ext/sankey/pan_viz_ext_sankey-src/style/default.css": "1435101575000",
  "bundles/pan/viz/ext/sankey/sankey-bundle.js": "1435101575000",
  "features/pan/viz/ext/sankey/sankey-feature.json": "1435101576000",
  "preview.html": "1435101576000",
  "previewData.js": "1435101576000"
}