{
  "generation": [
    {
      "templateId": "vizpacker.emptyProject",
      "templateVersion": "0.0.1",
      "dateTimeStamp": "Tue, 23 Jun 2015 23:19:36 GMT"
    }
  ],
  "vizprojectmanager": {
    "modelversion": "0.0.2",
    "id": "pan.viz.ext.sankey",
    "name": "Sankey Diagram",
    "version": "1.0.0",
    "vendor": {
      "name": "Dong Pan",
      "url": "http://scn.sap.com/people/dong.pan"
    },
    "description": "A sankey diagram is a visualization used to depict a flow from one set of values to another. Sankeys are best used when you want to show a many-to-many mapping between two domains or multiple paths through a set of stages.",
    "template": "standard",
    "container": "DIV",
    "dataModel": "sap.viz.api.data.CrosstableDataset",
    "title": {
      "enabled": true,
      "place": "top",
      "text": "Sankey Diagram",
      "alignment": "center"
    },
    "legend": {
      "enabled": false,
      "place": "right",
      "title": {
        "text": "City/Year"
      }
    },
    "plot": {
      "id": "pan.viz.ext.sankey.PlotModule",
      "name": "Sankey Diagram Module",
      "feeds": {
        "dimensionSets": [
          {
            "name": "Nodes",
            "min": "0",
            "max": "2",
            "minStackedDims": "0",
            "maxStackedDims": "Infinity",
            "aaIndex": 1,
            "id": "pan.viz.ext.sankey.PlotModule.DS1",
            "plotId": "pan.viz.ext.sankey.PlotModule",
            "i": 1
          }
        ],
        "measureSets": [
          {
            "name": "Value",
            "min": "0",
            "max": "Infinity",
            "mgIndex": 1,
            "id": "pan.viz.ext.sankey.PlotModule.MS1",
            "plotId": "pan.viz.ext.sankey.PlotModule",
            "i": 1
          }
        ]
      }
    },
    "data": {
      "fileName": "energy.csv",
      "delimiter": ",",
      "useFirstRowAsHeader": true,
      "fields": [
        "source",
        "target",
        "value"
      ],
      "types": [
        "Dimension",
        "Dimension",
        "Measure"
      ]
    },
    "binding": {
      "pan.viz.ext.sankey.PlotModule.MS1": [
        "value"
      ],
      "pan.viz.ext.sankey.PlotModule.DS1": [
        "source",
        "target"
      ]
    },
    "requiresdkversion": "5.7.3"
  },
  "translation": {
    "translationDomain": "",
    "supportedLanguages": "en,fr,de",
    "defaultLanguage": "en",
    "defaultI18NPropertyFile": "i18n.properties",
    "resourceModelName": "i18n"
  }
}