{
    "metadataVersion": "1.0",
    "id": "sap.viz.ext.miniareachart",
    "name": "Mini Area Chart",
    "description": "Mini Area Chart",
    "version": "1.0.0.0",
    "vendor": {
        "name": "Mustafa Aydogdu",
        "url": "mustafa.aydogdu@yahoo.com"
    },
    "requires": [
        {
            "id": "sap.viz.common.core",
            "version": "4.0.22"
        }
    ],
    "bundles": [
        {
            "id": "sap.viz.ext.miniareachart",
            "version": "1.0.0.0"
        }
    ]
}