{
  "generation": [
    {
      "templateId": "vizpacker.emptyProject",
      "templateVersion": "0.0.1",
      "dateTimeStamp": "Thu, 23 Jul 2015 08:49:15 GMT"
    }
  ],
  "vizprojectmanager": {
    "modelversion": "0.0.2",
    "id": "sap.viz.ext.miniareachart",
    "name": "miniareachart",
    "version": "1.0.1",
    "vendor": {
      "name": "Mustafa Aydogdu",
      "url": "mustafa.aydogdu@yahoo.com"
    },
    "description": " ",
    "template": "standard",
    "container": "BorderSVGFlow",
    "dataModel": "sap.viz.api.data.CrosstableDataset",
    "title": {
      "enabled": true,
      "place": "top",
      "text": "Chart Title",
      "alignment": "center"
    },
    "legend": {
      "enabled": false,
      "place": "right",
      "title": {
        "text": "City/Year"
      }
    },
    "plot": {
      "id": "sap.viz.ext.miniareachart.PlotModule",
      "name": "miniareachart Module",
      "feeds": {
        "dimensionSets": [
          {
            "name": "Dimension",
            "min": "0",
            "max": "2",
            "minStackedDims": "0",
            "maxStackedDims": "Infinity",
            "aaIndex": 1,
            "id": "sap.viz.ext.miniareachart.PlotModule.DS1",
            "plotId": "sap.viz.ext.miniareachart.PlotModule",
            "i": 1
          }
        ],
        "measureSets": [
          {
            "name": "Measure",
            "min": "0",
            "max": "Infinity",
            "mgIndex": 1,
            "id": "sap.viz.ext.miniareachart.PlotModule.MS1",
            "plotId": "sap.viz.ext.miniareachart.PlotModule",
            "i": 1
          }
        ]
      }
    },
    "data": {
      "fileName": "minichart data.csv",
      "delimiter": ";",
      "useFirstRowAsHeader": true,
      "fields": [
        "Date",
        "Value"
      ],
      "types": [
        "Dimension",
        "Measure"
      ]
    },
    "binding": {
      "sap.viz.ext.miniareachart.PlotModule.MS1": [
        "Value"
      ],
      "sap.viz.ext.miniareachart.PlotModule.DS1": [
        "Date"
      ]
    },
    "requiresdkversion": "5.7.3"
  },
  "translation": {
    "translationDomain": "",
    "supportedLanguages": "en,fr,de",
    "defaultLanguage": "en",
    "defaultI18NPropertyFile": "i18n.properties",
    "resourceModelName": "i18n"
  }
}