{
	"metadataVersion": "1.0",
	"id": "sap.viz.ext.forecast2confidence",
	"name": "Forecast 2Confidence Intervals",
	"description": "An analytical chart extension with a predictive flavor, visualizing forecast with 80% and 95% confidence intervals",
	"version": "1.0.1",
	"vendor": {
		"name": "Jay Thoden van Velzen",
		"url": "Your company website"
	},
	"requires": [{
		"id": "sap.viz.common.core",
		"version": "5.7.3"
	}],
	"bundles": [{
		"id": "sap.viz.ext.forecast2confidence",
		"version": "1.0.1"
	}]
}