{
	"metadataVersion": "1.0",
	"id": "sap.viz.ext.powerflowmaps",
	"name": "Power Flow Maps",
	"description": "A TopoJSON-based extension to visualize import/export flows within countries in Europe. New update fit both for Design Studio and Lumira",
	"version": "1.0.3",
	"vendor": {
		"name": "Jay Thoden van Velzen",
		"url": "Your company website"
	},
	"requires": [{
		"id": "sap.viz.common.core",
		"version": "5.7.3"
	}],
	"bundles": [{
		"id": "sap.viz.ext.powerflowmaps",
		"version": "1.0.3"
	}]
}