{
	"metadataVersion": "1.0",
	"id": "pan.viz.ext.sankey",
	"name": "Sankey Diagram",
	"description": "A sankey diagram is a visualization used to depict a flow from one set of values to another. Sankeys are best used when you want to show a many-to-many mapping between two domains or multiple paths through a set of stages.",
	"version": "1.0.0",
	"vendor": {
		"name": "Dong Pan",
		"url": "http://scn.sap.com/people/dong.pan"
	},
	"requires": [{
		"id": "sap.viz.common.core",
		"version": "5.7.3"
	}],
	"bundles": [{
		"id": "pan.viz.ext.sankey",
		"version": "1.0.0"
	}]
}