{
    "metadataVersion": "1.0",
    "id": "sap.viz.ext.stackedcolumnline",
    "name": "Stacked Column with Line Chart",
    "description": "Stacked Column with Line Chart",
    "version": "1.0.0.0",
    "vendor": {
        "name": "SAP",
        "url": "www.sap.com"
    },
    "requires": [
        {
            "id": "sap.viz.common.core",
            "version": "4.0.16"
        }
    ],
    "bundles": [
        {
            "id": "sap.viz.ext.stackedcolumnline",
            "version": "1.0.0.0"
        }
    ]
}